{
    "T_out": {
        "Q1": 3.67,
        "Q3": 8.4,
        "IQR": 4.73,
        "lower_bound": -3.4250000000000007,
        "upper_bound": 15.495000000000001,
        "mean": 7.412579538890296,
        "median": 6.92,
        "std": 5.31846396000322
    },
    "T_int_avg": {
        "Q1": 19.872380952857142,
        "Q3": 21.197142857142858,
        "IQR": 1.3247619042857153,
        "lower_bound": 17.88523809642857,
        "upper_bound": 23.18428571357143,
        "mean": 21.005579439862462,
        "median": 20.79952381,
        "std": 1.7985618367762553
    },
    "lights": {
        "mean": 3.8018748416518875,
        "median": 0.0,
        "std": 7.935987600215888
    },
    "RH_out": {
        "mean": 79.75041803901698,
        "median": 83.66666667,
        "std": 14.901087557525125
    }
}